Cs,FA,MA,Pb,Sn,Br,I,thickness,Bandgap
0.9741411678648606,0.020526354330548724,0.005332477804590674,0.9974823090975627,0.002517690902437253,1.0,2.0,0.034090942216434494,2.1057790228508244
0.9309557552086825,0.07040542161183161,0.0,0.9866811541194017,0.013318845880598285,2.0,1.0,0.036377547644630415,2.103182457788582
0.9595456939288978,0.033213585225752684,0.007240720845349546,0.9932592343938698,0.006740765606130239,2.0,1.0,0.038526631809453815,2.103182457788582
0.9820045050275772,0.0014583855800033296,0.01653710939241948,0.9769927165208241,0.02300728347917591,2.0,1.0,0.03580788455169959,2.079678460772139
0.9790672480109658,0.06910127761960039,0.0,0.978565698529567,0.021434301470433015,1.0,2.0,0.036372265057414754,2.0779963449410808
0.9198629466615356,0.06797530362229731,0.012161749716167125,0.9832436347360681,0.01675636526393187,1.0,2.0,0.034199708477765434,2.0779963449410808
0.9533479442841424,0.06257396741318,0.0,0.9864867699772351,0.013513230022764944,1.0,2.0,0.03478118815137021,2.0779963449410808
0.9307473041049426,0.05305052217883899,0.01620217371621846,0.9913617949487855,0.008638205051214487,2.0,1.0,0.03484353319735334,2.070020055501957
0.9925709892985596,0.011348166564867812,0.0,0.9803048195840989,0.019695180415901126,2.0,1.0,0.21473164720124038,2.0692390814828086
0.9964430184808888,0.00553780497719103,0.0,0.9878842950422112,0.012115704957788798,2.0,1.0,0.21842216787771096,2.0681703327454377
0.9930632379085501,0.0045203498444365,0.0024164122470133886,0.9766016609007578,0.02339833909924216,2.0,1.0,0.21709982863986266,2.0681703327454377
0.879860080306231,0.06385917469675162,0.05628074499701741,0.9915252573159644,0.008474742684035586,2.0,1.0,0.036709626671847295,2.0664861990477927
0.8951253407021235,0.05135822707640081,0.05351643222147573,0.9860941899547389,0.013905810045261147,2.0,1.0,0.03597166030433552,2.0664861990477927
0.0041677556867252274,0.00023051808196317136,0.9956017262313116,0.9944794764489701,0.005520523551029943,2.0,1.0,0.24993834250151903,2.066411472648255
0.9846579530820231,0.00643095198526622,0.008911094932710695,0.9975812365520982,0.002418763447901817,2.0,1.0,0.3589414671755856,2.0647659225683754
0.981561233632879,0.014029541723150296,0.004409224643970755,0.9797098715475469,0.02029012845245315,2.0,1.0,0.36119206026662476,2.063336987483873
0.9093687490686503,0.06424884880594406,0.026382402125405657,0.9987956492484036,0.001204350751596417,1.0,2.0,0.03590459527653067,2.061801871288329
0.9929115211798777,0.01784534624901235,0.0,0.9842590664087348,0.01574093359126516,2.0,1.0,0.4621059428808757,2.060703011118845
0.9870638679237992,0.022564497343479428,0.0,0.986371816384772,0.013628183615227996,2.0,1.0,0.40641049131299845,2.060204909426172
0.985508400579635,0.018726389414366884,0.0,0.9921905262481572,0.0078094737518428214,2.0,1.0,0.3404663145588023,2.057568665417605
0.9854418489271715,0.01487366630979281,0.0,0.9960827222000566,0.003917277799943442,2.0,1.0,0.41330516280085083,2.056156646729341
0.9089558144805199,0.10683681306502368,0.0,0.99638095813822,0.0036190418617799702,1.0,2.0,0.036736934590146375,2.0548909179478563
0.994110194294001,0.017893274212202548,0.0,0.9824701977724564,0.017529802227543634,2.0,1.0,0.7823058953672544,2.0508416651909225
0.9950436921219679,0.002774117101666862,0.002182190776365278,0.9851526137770755,0.014847386222924475,0.0,3.0,0.038377136800811784,2.0500003882331828
0.9957873345862462,0.02169754987755279,0.0,0.9850629337404135,0.014937066259586462,0.0,3.0,0.0370205505766078,2.0500003882331828
0.8951229165515685,0.034416374478305145,0.07046070897012635,0.9864988233537563,0.013501176646243729,1.0,2.0,0.038131985370606136,2.0481236362457134
0.8618297853107478,0.022638506549382154,0.11553170813987002,0.9894174127351602,0.010582587264839849,2.0,1.0,0.038792984266659336,2.048070046582871
0.9918330860469121,0.006641229657753378,0.0015256842953345062,0.9758755157009185,0.02412448429908154,2.0,1.0,0.23848985187909366,2.0473899955187136
0.9782889350356501,0.01948947329344941,0.0022215916709005246,0.9869051174033452,0.013094882596654811,2.0,1.0,0.49227986490847264,2.046381445309564
0.9830298124001489,0.10533486931659852,0.0,0.9842407727430283,0.015759227256971653,2.0,1.0,0.035201814086434746,2.0446493098933747
0.9218307029187037,0.07543898885429956,0.002730308226996714,0.9950127326633106,0.004987267336689416,2.0,1.0,0.038508744738802614,2.0446493098933747
0.9170759355170995,0.11229044288996415,0.0,0.9940867392554248,0.0059132607445752106,2.0,1.0,0.038503271999531186,2.0446493098933747
0.9960126151284793,0.008756560889979337,0.0,0.976238221977562,0.02376177802243795,2.0,1.0,0.7166049974392192,2.0444751839195305
0.987558916428076,0.018858749910275696,0.0,0.9957286749493636,0.004271325050636432,2.0,1.0,0.7261017931032798,2.0444751839195305
0.9826786479188675,0.020511046142333678,0.0,0.9973143080570462,0.0026856919429537607,2.0,1.0,0.731889686088137,2.0444751839195305
0.9858242766281656,0.0087849574144232,0.00539076595741117,0.9963849295667334,0.0036150704332665873,2.0,1.0,0.35266225600672607,2.0444516254451197
0.9996119346279794,0.02169072246920456,0.0,0.9795927181749401,0.02040728182505991,2.0,1.0,0.47407034221286193,2.0444249619101007
0.9991870243886883,0.001255619583743428,0.0,0.9884433759545469,0.011556624045453101,2.0,1.0,0.24222531638549105,2.0438336162420603
0.9980305837620267,0.01697969342561756,0.0,0.9995009322112901,0.0004990677887098949,2.0,1.0,0.709981548730888,2.0436195645920696
0.9791822820440153,0.012685418457171194,0.008132299498813556,0.9751251233495694,0.024874876650430644,2.0,1.0,0.6985979412178099,2.0433682776504045
0.9835496269162152,0.016985477200002874,0.0,0.9781601079563359,0.0218398920436641,2.0,1.0,0.6840176326915209,2.0404245081895596
0.9978883122401093,0.01822890553490042,0.0,0.9997820121474257,0.00021798785257431952,2.0,1.0,0.6827740833179234,2.0404245081895596
0.9933294942832656,0.00043309155179049874,0.006237414164943944,0.9812522333859035,0.018747766614096495,2.0,1.0,0.009800587079012768,2.040221265188389
0.9906293736633714,0.002512132163876024,0.006858494172752527,0.9810726666186789,0.018927333381321132,2.0,1.0,0.003893772410210272,2.040221265188389
0.9949146124212056,0.058857595532810336,0.0,0.978751103845806,0.021248896154194008,2.0,1.0,0.25661896740097645,2.0398523112205207
0.9288011294327442,0.07410900564414946,0.0,0.9753796613864707,0.024620338613529302,2.0,1.0,0.2561569238738367,2.0398523112205207
0.990065876762539,0.07075442325626713,0.0,0.9999415981911016,5.840180889837843e-05,2.0,1.0,0.2565932832015979,2.0398523112205207
0.9763039937923089,0.0317428529358077,0.0,0.9838927714183852,0.01610722858161484,2.0,1.0,0.2589786424075933,2.0398523112205207
0.8929492218763031,0.07860742303662083,0.028443355087076072,0.9942541003826658,0.0057458996173341825,1.0,2.0,0.0364203504610231,2.038645373743208
0.9626089460713315,0.048689683662813676,0.0,0.9814085833569752,0.018591416643024772,2.0,1.0,0.22351471890044539,2.0382861524925455
0.9925141425715834,0.008795318850859046,0.0,0.9769218963495081,0.0230781036504919,2.0,1.0,0.6774782977768361,2.0380412245102595
0.9796589178762459,0.02498984577357133,0.0,0.9973771398211717,0.00262286017882829,2.0,1.0,0.6755878540247332,2.0380412245102595
0.9932930493543544,0.017564227155564494,0.0,0.9789145345317753,0.02108546546822465,2.0,1.0,0.5382899961505324,2.037905889863378
0.9898681661180093,0.0012794728756797547,0.008852361006310927,0.9874867658334461,0.012513234166553922,2.0,1.0,0.4353066654313008,2.0369920220255207
0.9715414104982627,0.02310464282037239,0.005353946681364907,0.9892477755837774,0.010752224416222589,2.0,1.0,0.43893553362838256,2.0369920220255207
0.9947697534195278,0.0116326367190428,0.0,0.9895124992624349,0.010487500737565103,2.0,1.0,0.670887865527073,2.036854346988205
0.9679483716746031,0.04861068155516213,0.0,0.9966740607179035,0.0033259392820964573,2.0,1.0,0.2463618715261019,2.0362777052617664
0.9638834627893575,0.004612443018176093,0.03150409419246636,0.9986982510608358,0.0013017489391642378,2.0,1.0,0.32220812728287296,2.0358896190469853
0.991222578178682,0.06652037464249294,0.0,0.9792712897439919,0.020728710256008087,2.0,1.0,0.20913019879325712,2.035731326455152
0.9711784205334115,0.026788351523924003,0.002033227942664473,0.9812946199584969,0.018705380041503128,2.0,1.0,0.20538656304462688,2.035731326455152
0.9844765255604402,0.02624806240056432,0.0,0.9959106125885461,0.004089387411453926,2.0,1.0,0.3544885621771241,2.0356220627624677
0.9528045689019614,0.02327049318902974,0.023924937909008848,0.989611064269053,0.010388935730947013,2.0,1.0,0.2588112118185588,2.0355803305927216
0.9529899242305024,0.020642766328315854,0.026367309441181708,0.989037787950809,0.010962212049191011,2.0,1.0,0.26114858950088027,2.0355803305927216
0.9365244702310034,0.018046607550552873,0.045428922218443746,0.9931423719529217,0.006857628047078346,2.0,1.0,0.25663216862154437,2.0355803305927216
0.9371686786986614,0.05203876753982051,0.010792553761518109,0.9993003440722161,0.000699655927783871,2.0,1.0,0.25011582523510456,2.035427348829651
0.9953927395931508,0.012952965820738571,0.0,0.9942404429300866,0.005759557069913379,2.0,1.0,0.8105501498893551,2.03532535422839
0.9921201089934717,0.020316038367041322,0.0,0.9964369379241448,0.0035630620758552167,2.0,1.0,0.7936807208542397,2.03532535422839
0.008684156865426007,0.010552073917728721,0.9807637692168453,0.9835790334065538,0.016420966593446162,2.0,1.0,0.28991163692593513,2.03487830970487
0.977572498329351,0.03953608398056141,0.0,0.9970254151514869,0.0029745848485130955,2.0,1.0,0.23058543287979028,2.034840701006248
0.981672466095166,0.016884910884700344,0.0014426230201336487,0.9866236738872913,0.01337632611270867,2.0,1.0,0.9305097989832154,2.0345639589015114
0.9940164473455355,0.006645410195561641,0.0,0.9867956008094131,0.013204399190586913,2.0,1.0,0.9694293800509679,2.0345303719737626
0.987278144684731,0.014128027763891549,0.0,0.9821828355834471,0.0178171644165529,2.0,1.0,0.9856658793648507,2.0345303719737626
0.9940488639697028,0.0031514713193594446,0.0027996647109377326,0.9990361685088911,0.0009638314911089019,2.0,1.0,0.9563962007385239,2.0345303719737626
0.9290356486358884,0.024419266438638232,0.04654508492547338,0.9906221831353198,0.0093778168646802,2.0,1.0,0.3169557547740339,2.0341102105870332
0.001990961758363441,0.017965280068742095,0.9800437581728945,0.979188742103533,0.020811257896466984,2.0,1.0,0.1844330919184468,2.0334552875521417
0.9845426172485229,0.003888372233738946,0.011569010517738176,0.9826267405363159,0.017373259463684065,1.0,2.0,0.004051374194579238,2.033180625446431
0.9989160535867158,0.017346966274669917,0.0,0.9835279979354534,0.016472002064546576,1.0,2.0,0.0006473910380740966,2.033180625446431
0.9902175030988133,0.007924167941159688,0.0018583289600270225,0.9871213429328937,0.012878657067106336,1.0,2.0,0.004716575599355233,2.033180625446431
0.9712311084043347,0.048570526445296025,0.0,0.9789202080801465,0.02107979191985354,2.0,1.0,0.22257353536148272,2.0317403364114353
0.9727046527697627,0.041374758058613126,0.0,0.9959481541051384,0.004051845894861628,2.0,1.0,0.02380712168209742,2.031707713524419
0.8955045900827596,0.02105929593487399,0.08343611398236639,0.9924784991497608,0.007521500850239171,2.0,1.0,0.21395331708805299,2.031397378248872
0.9808713722563177,0.031035647691834645,0.0,0.9781809041299153,0.02181909587008468,2.0,1.0,0.0013697674402670668,2.031175669935692
0.9935509199023925,0.07481070474140905,0.0,0.9877233172802878,0.012276682719712162,2.0,1.0,0.019310088678719195,2.031175669935692
0.9982287187060204,0.06035659222929013,0.0,0.9864739716323686,0.013526028367631393,2.0,1.0,0.008089264198941293,2.031175669935692
0.936109713854425,0.05344421505841812,0.010446071087156894,0.9880310918961619,0.011968908103838105,2.0,1.0,0.010121614673858637,2.031175669935692
0.9839807897144848,0.06422162661774744,0.0,0.9802028009792412,0.019797199020758827,2.0,1.0,0.019989968362628563,2.031175669935692
0.9738460090885602,0.06263333329726883,0.0,0.9938296619060033,0.006170338093996697,2.0,1.0,0.01980381165390921,2.031175669935692
0.9458871990372719,0.0011697939738415375,0.05294300698888654,0.9965639512445345,0.0034360487554655483,2.0,1.0,0.5057651830956531,2.0310902431922364
0.8126071798739455,0.05761663546347462,0.1297761846625799,0.9992388547184152,0.0007611452815847741,2.0,1.0,0.03469351718322433,2.0310402673830406
0.8333088837801989,0.0433250571764523,0.12336605904334885,0.9757326452141392,0.02426735478586084,2.0,1.0,0.0370066686980004,2.0310402673830406
0.8989423377369253,0.023502449884752585,0.07755521237832208,0.9820581954131307,0.017941804586869337,2.0,1.0,0.2513688282854618,2.03044374934181
0.923983273394219,0.010772449609915746,0.06524427699586521,0.9922384171659436,0.007761582834056369,2.0,1.0,0.21858552515681373,2.0303273487440388
0.9666273700404312,0.002585815125390356,0.030786814834178444,0.9769590824253062,0.023040917574693842,2.0,1.0,0.2299263718756287,2.030306650521877
0.9506112270272015,0.023342611363456944,0.02604616160934159,0.981540796099226,0.018459203900774046,2.0,1.0,0.23130651434204386,2.030306650521877
0.9757612287726416,0.020903907165455426,0.0033348640619029757,0.9891666417316062,0.010833358268393822,2.0,1.0,0.43912192027278885,2.03016561603018
0.9887869729186123,0.015356858048813482,0.0,0.996469388997205,0.0035306110027949478,2.0,1.0,0.8213340029992586,2.0301028216809094
0.9937153095694918,0.012978081620505288,0.0,0.993499420628241,0.006500579371758963,2.0,1.0,0.8325150216345989,2.0301028216809094
0.9815571189645649,0.014230168353901118,0.004212712681534003,0.9983942766188919,0.0016057233811080929,2.0,1.0,0.8924109814869227,2.0298962606720057
0.9932780428245248,0.010406194466047847,0.0,0.9754936925478666,0.024506307452133447,2.0,1.0,0.8990938267539097,2.029863691609661
0.9764638943488239,0.02277545453877805,0.0007606511123980919,0.9877803978177258,0.012219602182274247,2.0,1.0,0.9034838956637483,2.029863691609661
0.9711091109637843,0.05898968206717203,0.0,0.9897974340368536,0.010202565963146393,2.0,1.0,0.24572659076930958,2.0295464629548707
0.9405059467145179,0.057973540867619966,0.0015205124178621077,0.9837503562990455,0.016249643700954497,2.0,1.0,0.24582657644034545,2.0295464629548707
0.9775494624123644,0.04671970338126219,0.0,0.984575704370954,0.015424295629046014,2.0,1.0,0.27176862036007576,2.0294426720913066
0.9605616091224034,0.032268008573429374,0.007170382304167222,0.9964394472931414,0.003560552706858622,2.0,1.0,0.27172924804475385,2.0294426720913066
0.9871114688595589,0.005155800548567457,0.007732730591873627,0.9915968880908189,0.008403111909181082,2.0,1.0,0.17774181231452635,2.029118299405355
0.9988072678158706,0.0036969218196827303,0.0,0.9843201636517722,0.015679836348227782,2.0,1.0,0.17778329319777442,2.029118299405355
0.951953749836969,0.021990888719329083,0.026055361443701908,0.9790335863082682,0.0209664136917318,2.0,1.0,0.22637535139473342,2.028162583283811
0.9271429252769364,0.00904047812147768,0.0638165966015859,0.9990087367559124,0.0009912632440876035,2.0,1.0,0.20774683951119377,2.0279612469066133
0.9433738957228465,0.012789260414503012,0.04383684386265052,0.9810613856127752,0.018938614387224773,2.0,1.0,0.501807545511605,2.0270104621411935
0.9690407149149478,0.00312163599539772,0.02783764908965447,0.99065875733575,0.00934124266424996,2.0,1.0,0.5013902225299878,2.0270104621411935
0.9778642614956442,0.06280751792799977,0.0,0.9810878008461577,0.018912199153842346,2.0,1.0,0.32295445897189556,2.0269915785950605
0.956476186432248,0.02354214041307967,0.019981673154672364,0.9796764443668035,0.020323555633196544,2.0,1.0,0.4244320794158537,2.026366371575439
0.957714155505019,0.018706851986551642,0.02357899250842932,0.9814549130079231,0.01854508699207691,2.0,1.0,0.34023041963334755,2.0259237937578076
0.9985214963248823,0.060744483630381096,0.0,0.9926248884842057,0.007375111515794286,2.0,1.0,0.35895487458549924,2.0257657437152425
0.9996551109623079,0.07475868242246875,0.0,0.9823258109824359,0.017674189017564124,2.0,1.0,0.3587576222921154,2.0257657437152425
0.9590644506050825,0.004056992639377421,0.03687855675554008,0.9896423709282638,0.010357629071736207,2.0,1.0,0.2458443780615739,2.025463183617088
0.9816923440931604,0.03612557834230279,0.0,0.9828723368441529,0.017127663155847128,2.0,1.0,0.3189777628079554,2.025327074824641
0.9566419614415574,0.04189078598988161,0.0014672525685609505,0.9844815368446832,0.015518463155316797,2.0,1.0,0.3170793368533763,2.025297047137942
0.9864292886197882,0.04080291392818536,0.0,0.9815501517525379,0.018449848247462097,2.0,1.0,0.31736488118474304,2.025297047137942
0.9211707901010222,0.020591943131076262,0.05823726676790153,0.9772655654910771,0.022734434508922874,2.0,1.0,0.33041229919463444,2.025164195037856
0.972316620391325,0.052923903882712175,0.0,0.9885591254951558,0.011440874504844212,2.0,1.0,0.19595945031641493,2.024983576550193
0.9488738354007361,0.006236901197302802,0.04488926340196109,0.9776812187019035,0.0223187812980965,2.0,1.0,0.40184055847361677,2.0239626257648706
0.9898697799223136,0.06511091357254484,0.0,0.981405281405194,0.018594718594805992,2.0,1.0,0.5098527230532419,2.023923643514563
0.9696834108903708,0.059127533551869615,0.0,0.9780087930234009,0.021991206976599065,2.0,1.0,0.32914605195896574,2.0236184846579897
0.9862520978837774,0.1321053740350776,0.0,0.9845926950791979,0.015407304920802112,1.0,2.0,0.03708327670148137,2.0232898669373296
0.990766960937673,0.1327071644290172,0.0,0.9933926425504607,0.006607357449539331,1.0,2.0,0.03457219225069341,2.0232898669373296
0.9536659706900197,0.022654597772355678,0.02367943153762464,0.977639032918361,0.022360967081639038,2.0,1.0,0.3686488055857603,2.022023862447775
0.9473687724642822,0.021885405169354555,0.03074582236636325,0.9901762615235044,0.009823738476495647,2.0,1.0,0.3685610716702217,2.022023862447775
0.9632606324124745,0.0023927305738806748,0.03434663701364482,0.9971480275411757,0.0028519724588242923,2.0,1.0,0.3480817915848412,2.021914117466451
0.9140779606039685,0.0038157922932023913,0.0821062471028291,0.9821257267076301,0.017874273292369902,2.0,1.0,0.4069790470456821,2.021314580174877
0.9353406241051799,0.020134057675398886,0.044525318219421184,0.9771236939122461,0.022876306087753928,2.0,1.0,0.4570041824002933,2.021020649393949
0.9468283520112237,0.07082981310229719,0.0,0.9967628660816247,0.0032371339183753234,2.0,1.0,0.33442593844779855,2.02089798515844
0.9592768403971144,0.06876763125999374,0.0,0.9795031773038104,0.020496822696189576,2.0,1.0,0.3344693916222369,2.02089798515844
0.938549588506885,0.0015515360870619332,0.0598988754060531,0.9765539153624313,0.023446084637568698,2.0,1.0,0.4225097301057419,2.020741400100244
0.9464737909243051,0.07229029136798049,0.0,0.9822047414969485,0.017795258503051525,2.0,1.0,0.4880335122926639,2.0201571993918104
0.9808949734186829,0.07091566175530806,0.0,0.9855347064691565,0.01446529353084347,2.0,1.0,0.48749653573343465,2.0201571993918104
0.9928764623850636,0.036370788246319896,0.0,0.996529835861648,0.0034701641383519943,2.0,1.0,0.48775799604609993,2.0201571993918104
0.9714813746796916,0.05236154823739603,0.0,0.9935412364242232,0.006458763575776794,2.0,1.0,0.48637884085394534,2.0201571993918104
0.9800131648352315,1.179761725866868e-06,0.019985655403042646,0.9984855870084559,0.0015144129915440896,2.0,1.0,0.4879460896665502,2.019760160001566
0.9926922550797437,0.03765498726424088,0.0,0.9804995877399898,0.019500412260010203,2.0,1.0,0.34051907184854424,2.0196792990705466
0.9402731130381289,0.015058925865833572,0.044667961096037545,0.9871958933293413,0.012804106670658677,2.0,1.0,0.2885730943841486,2.019656258162719
0.9598773242179502,0.0045089932874627925,0.03561368249458696,0.9947552622970508,0.005244737702949198,2.0,1.0,0.31226424588001744,2.0194153086939317
0.9365882496018133,0.002692292145587416,0.06071945825259928,0.979456852598197,0.020543147401802964,2.0,1.0,0.3394622434151151,2.019236345043547
0.9470452673049649,0.059265952641628594,0.0,0.9825185881947446,0.01748141180525542,2.0,1.0,0.2773517075149621,2.019167363747254
0.9015598415235021,0.014651881529991084,0.08378827694650681,0.9873447155251359,0.012655284474864081,2.0,1.0,0.3354477636171366,2.0189894946309854
0.9944535466353691,0.042522203388442925,0.0,0.97694790376889,0.023052096231110042,2.0,1.0,0.40666142924057447,2.018875417843158
0.9173018996587728,0.011094151194412372,0.07160394914681478,0.984156364543533,0.015843635456467053,2.0,1.0,0.19837554466075646,2.0188498663720496
0.9677121930100949,0.005840267510444197,0.02644753947946088,0.9894476345268006,0.010552365473199377,2.0,1.0,0.3880846548681811,2.0188496024303872
0.9958016385228653,0.02289320871107048,0.0,0.9829461550060562,0.0170538449939438,2.0,1.0,0.6372904557439424,2.0187383402838988
0.974367473242461,0.01002838275195539,0.015604144005583631,0.9998984500341568,0.0001015499658432173,2.0,1.0,0.3871133641593115,2.0186782245019788
0.9737735328766106,0.0019684774303532215,0.024257989693036164,0.9828969508354346,0.017103049164565398,1.0,2.0,0.02602600981123815,2.0183186420340684
0.9394165464062432,0.01692574527113888,0.04365770832261795,0.9753862290584243,0.024613770941575686,2.0,1.0,0.2838725681465223,2.017960803135118
0.9454949063284191,0.0035810882639328856,0.050924005407647965,0.978128439352325,0.021871560647675037,1.0,2.0,0.01825493448564064,2.0177738220927677
0.9731157600882552,0.03881171757164281,0.0,0.97627894402959,0.023721055970409965,2.0,1.0,0.2900708821158141,2.017552544173296
0.9241023306396401,0.07435110984357807,0.0015465595167818424,0.9919414749053724,0.008058525094627567,2.0,1.0,0.3493559212940841,2.0173475933000793
0.9271380787226643,0.06496021759681347,0.007901703680522232,0.9871376816565345,0.012862318343465518,2.0,1.0,0.35020990259823437,2.0173475933000793
0.9632473129575775,0.03295521420139946,0.003797472841023053,0.9760412092346343,0.023958790765365667,2.0,1.0,0.34924616235044814,2.0173475933000793
0.9767848587715404,0.04248385084570483,0.0,0.9873030444705875,0.012696955529412524,2.0,1.0,0.4088431276918234,2.01727405408191
0.9312889979038411,0.022968208865641215,0.045742793230517664,0.9990652598222746,0.0009347401777254349,2.0,1.0,0.3839793774988913,2.0172735604450756
0.908977770778709,0.014294874588630546,0.07672735463266045,0.9894942511905629,0.01050574880943711,2.0,1.0,0.416646230014997,2.0171294354213165
0.9752431771366729,0.041787100756131346,0.0,0.9913879976752874,0.008612002324712598,2.0,1.0,0.34655939974441596,2.0169101334059945
0.9986145800107238,0.011044719503340517,0.0,0.9858097799826792,0.014190220017320843,2.0,1.0,0.5247579224382126,2.0168369739306296
0.9889417345039117,0.003816049548812761,0.007242215947275588,0.9936685788859452,0.006331421114054825,2.0,1.0,0.5288276377044787,2.0168369739306296
0.9686807727019053,0.06682543826125831,0.0,0.9757291705291928,0.024270829470807165,0.0,3.0,0.03896183856553892,2.0167234707762307
0.9146668719646108,0.019400519983325593,0.06593260805206358,0.9935598695251399,0.0064401304748601396,2.0,1.0,0.3706239257818176,2.0165477699808205
0.9251938462373008,0.02129039570783442,0.05351575805486475,0.9969179145941629,0.0030820854058370983,2.0,1.0,0.37101543132224224,2.016499851802735
0.9878593012854001,0.0392477507535679,0.0,0.9918714708418418,0.008128529158158204,2.0,1.0,0.28445348854938524,2.0164925597867747
0.9393259421929312,0.0035922068355997983,0.057081850971469006,0.9774039028378275,0.02259609716217248,2.0,1.0,0.46612116773384493,2.0164327230987196
0.9390167636008514,0.009370836608663557,0.05161239979048504,0.9805090576942596,0.019490942305740444,2.0,1.0,0.23414943616300454,2.01634446188395
0.9401013654193228,0.017492018215371163,0.04240661636530607,0.9966634967856303,0.003336503214369735,2.0,1.0,0.2972713513648385,2.016185300310638
0.9870169752034217,0.0075235782517875105,0.0054594465447908025,0.9996282958012456,0.00037170419875443006,1.0,2.0,0.032879296004747594,2.0161224727027323
0.9944590683162338,0.01954353237884754,0.0,0.9923445243076939,0.0076554756923060685,1.0,2.0,0.03385850751882458,2.0161224727027323
0.978301893773931,0.03427406373480513,0.0,0.9847862605164063,0.015213739483593725,2.0,1.0,0.46480676908813356,2.016063920118373
0.9981734741420365,0.0631129851613117,0.0,0.9835099627369985,0.016490037263001467,2.0,1.0,0.4645488973190124,2.016063920118373
0.9173132034200157,0.003398900487734502,0.07928789609224984,0.9759906522217668,0.02400934777823316,2.0,1.0,0.45605855798370964,2.0159642068944987
0.9613696714030788,0.0685152797666424,0.0,0.9806696218146657,0.01933037818533434,2.0,1.0,0.4122723521561008,2.015925947318085
0.962134708094795,0.04151359274210109,0.0,0.9884875989470328,0.011512401052967247,2.0,1.0,0.3726443850977096,2.015893401842174
0.9484662798240058,0.06949825142909516,0.0,0.9757552009016152,0.02424479909838484,2.0,1.0,0.37233563322923224,2.015893401842174
0.9740173874717376,0.05708164067080834,0.0,0.9909170508088165,0.009082949191183465,2.0,1.0,0.37139145975984367,2.015893401842174
0.9224524002993224,0.07008438731060418,0.007463212390073415,0.9842303685584872,0.015769631441512777,2.0,1.0,0.2820522728471029,2.015873686608615
0.9767478602778598,0.06001417998079883,0.0,0.990939995227747,0.009060004772252994,2.0,1.0,0.24247204020663427,2.015796508613401
0.9997834930211316,0.05377187982302045,0.0,0.9942917351584165,0.005708264841583488,2.0,1.0,0.7744349363614574,2.0157574637495603
0.956116824605722,0.058834589684576666,0.0,0.9853379057002952,0.014662094299704775,2.0,1.0,0.7824647291777013,2.0157574637495603
0.9527935794902607,0.0543182667472486,0.0,0.9841175344972065,0.015882465502793486,2.0,1.0,0.7762461834675571,2.0157574637495603
0.9569744291378378,0.03447465211044087,0.008550918751721315,0.9878208162654899,0.012179183734510102,2.0,1.0,0.7861971741722978,2.0157574637495603
0.9765222085376579,0.04702353265229431,0.0,0.9968251029374612,0.0031748970625388173,2.0,1.0,0.777061908015734,2.0157574637495603
0.9933568220847737,0.0275044376071637,0.0,0.9913843471277508,0.008615652872249191,2.0,1.0,0.49529376208283116,2.0156910045956336
0.9307617274350785,0.058073767690544065,0.011164504874377479,0.9782164608181209,0.02178353918187914,2.0,1.0,0.4972901736703068,2.0156910045956336
0.9217042104869183,0.02084147696702654,0.05745431254605515,0.9915933295222743,0.008406670477725697,2.0,1.0,0.4214150106457559,2.015666195548941
0.9787307184971257,0.003181728591587607,0.01808755291128672,0.990978634974173,0.009021365025826955,2.0,1.0,0.2402016206924935,2.015511345711262
0.9398073701393982,0.006513604829741948,0.05367902503085986,0.9973981317107645,0.002601868289235476,2.0,1.0,0.4519753979162844,2.0152128515290553
0.942927102367148,0.0027330381527378433,0.054339859480114105,0.9841497663529343,0.015850233647065726,2.0,1.0,0.4519333009909875,2.0152128515290553
0.9417485797756702,0.0684648560776071,0.0,0.9895361264169595,0.010463873583040462,2.0,1.0,0.4835162771671341,2.015172994204812
0.9903234202500617,0.06540040164139072,0.0,0.9868880804263387,0.013111919573661313,2.0,1.0,0.41532127800335816,2.0146674266273186
0.9829687547436078,0.025911624556671176,0.0,0.9782775154262912,0.021722484573708845,2.0,1.0,0.18910256952936766,2.0143978726929417
0.9612708310728499,0.052074975260301026,0.0,0.9801529072096901,0.01984709279030994,2.0,1.0,0.03159545786676787,2.0143438215590157
0.9817100751135872,0.026065176318602945,0.0,0.9957131691829618,0.004286830817038179,2.0,1.0,0.028011033907692107,2.0143438215590157
0.9987314504549742,0.033797749839307945,0.0,0.9994582116441925,0.0005417883558075376,2.0,1.0,0.02930363274766279,2.0143438215590157
0.9568274601167831,0.05220334340765109,0.0,0.9945158151355038,0.0054841848644962,2.0,1.0,0.030766028088240804,2.0143438215590157
0.9113733880635365,0.000379938115146361,0.08824667382131712,0.9855264101171114,0.014473589882888604,2.0,1.0,0.2530560298529745,2.0140445789962182
0.9128293730829147,0.018581380657845425,0.0685892462592399,0.97965771269776,0.02034228730223997,2.0,1.0,0.2778485103954659,2.013998808157861
0.8860769576686048,0.012251456223216994,0.10167158610817817,0.9825553392998363,0.017444660700163706,2.0,1.0,0.21249203447880294,2.013959543430278
0.9082485592344376,0.011558940992039357,0.08019249977352305,0.9932674265608242,0.006732573439175771,2.0,1.0,0.3120157596953651,2.0139392473078375
0.0068506710631817125,0.016752532230275508,0.9763967967065428,0.9941921617880247,0.00580783821197528,2.0,1.0,0.4592400750185205,2.0137227672088667
0.9129957043714193,0.14677137979271238,0.0,0.9866717251672364,0.013328274832763554,1.0,2.0,0.03445823907251677,2.0136625623979416
0.8414022446204029,0.15602455305266327,0.00257320232693381,0.988823575440415,0.011176424559585008,1.0,2.0,0.036855357192812965,2.0136625623979416
0.8757265218318054,0.011084233157154677,0.11318924501103989,0.9757794129482673,0.02422058705173269,2.0,1.0,0.3658474989669276,2.0135275075245334
0.9014228631867175,0.006073612367358483,0.09250352444592402,0.9920084819892234,0.007991518010776577,2.0,1.0,0.36550852133872236,2.0133783219949026
0.8675759682218694,0.01677387925183138,0.11565015252629918,0.9980226692015254,0.001977330798474619,2.0,1.0,0.2574179924018698,2.013322452958116
0.9410598373673027,0.002083663407373426,0.056856499225323875,0.9861333436096757,0.01386665639032425,2.0,1.0,0.4701017384439631,2.012989964527543
0.9818446435721524,0.07157320919366827,0.0,0.9974528623202581,0.0025471376797419065,2.0,1.0,0.39907891136908835,2.012794108339072
0.9590353461851635,0.07196926088248523,0.0,0.9972166389352056,0.0027833610647943763,2.0,1.0,0.3994994107684996,2.012794108339072
0.9786563510467403,0.03378906782021829,0.0,0.9834235245068649,0.016576475493135123,2.0,1.0,0.7671070701221538,2.012659912090524
0.9250609968682874,0.06765518375547541,0.007283819376237233,0.9908708049434092,0.009129195056590822,2.0,1.0,0.7572279863660385,2.0125002770452656
0.9256378607737679,0.06938193864807007,0.004980200578162064,0.9948346984325921,0.0051653015674079095,2.0,1.0,0.7620896439203012,2.0125002770452656
0.9622403029981504,0.03176819811744258,0.005991498884406976,0.9852780387589668,0.014721961241033199,2.0,1.0,0.7572049046634751,2.0125002770452656
0.9594587967342474,0.03589452663242809,0.00464667663332452,0.9809677608150482,0.019032239184951782,2.0,1.0,0.7611900402448596,2.0125002770452656
0.9435241505149693,0.023512522946118275,0.03296332653891243,0.9849530974034636,0.015046902596536404,2.0,1.0,0.33174061835952384,2.0122245698480574
0.9463492425120675,0.0688910018144534,0.0,0.987612953452642,0.012387046547358005,2.0,1.0,0.38797321220206604,2.012109092756204
0.954651175143435,0.0022518105262084864,0.04309701433035651,0.9989630068149784,0.0010369931850215952,2.0,1.0,0.24251400445222493,2.0119828526709647
0.9467913785376563,0.031596158052362155,0.021612463409981575,0.9773114692523013,0.02268853074769872,2.0,1.0,0.19996834675516562,2.0116084259317892
0.9359556149635077,0.014991874435062669,0.04905251060142968,0.9966217425524688,0.0033782574475311744,2.0,1.0,0.47437764298373464,2.0115873934514235
0.9752796381090858,0.044386722057055294,0.0,0.9822448345448909,0.017755165455109134,2.0,1.0,0.39406371956122976,2.011586630694944
0.8607539787953039,0.1002790755690568,0.038966945635639294,0.9862784192522678,0.01372158074773222,2.0,1.0,0.038383438650918755,2.011435837054853
0.8823879486919962,0.10343489272915907,0.014177158578844717,0.9933716374372323,0.0066283625627676646,2.0,1.0,0.03853549588811722,2.011435837054853
0.8568713472956527,0.025160455901324985,0.11796819680302228,0.9954845502092601,0.004515449790739923,1.0,2.0,0.035996288409150146,2.0113790960992026
0.9893762416044937,0.04429729487141176,0.0,0.9946087587519736,0.005391241248026368,2.0,1.0,0.389956681617471,2.011227771722964
0.9639297412143173,0.051725762729888825,0.0,0.9893516929321945,0.010648307067805507,2.0,1.0,0.38120978171665476,2.0109907592600775
0.9008301824795213,0.010091442737012679,0.08907837478346603,0.9807889817643878,0.01921101823561222,2.0,1.0,0.20670986369203126,2.010823877646531
0.9168069408588159,0.013034316450273753,0.07015874269091038,0.9830165609525532,0.016983439047446813,2.0,1.0,0.29533078669180934,2.010673815076089
0.9832528915506743,0.054452118433480745,0.0,0.9917594613162319,0.008240538683768062,2.0,1.0,0.3027172593109876,2.01052218514257
0.8906710172783566,0.024496116093169595,0.08483286662847378,0.9933036651062581,0.006696334893741884,2.0,1.0,0.23886794426657743,2.010035283724952
0.9269870485664993,0.029270698654473515,0.04374225277902721,0.977510447463578,0.02248955253642204,0.0,3.0,0.038065614146471805,2.010019787818211
0.9317370794390722,0.0598302856437366,0.00843263491719115,0.9984974686163467,0.001502531383653305,2.0,1.0,0.7513008101736935,2.0100012772656566
0.8329284108316451,0.11769895836697375,0.0493726308013811,0.9855548739888098,0.01444512601119019,1.0,2.0,0.03462426999145374,2.00990622890329
0.8247021682794285,0.12881630541470657,0.046481526305864884,0.985366260661297,0.014633739338703045,1.0,2.0,0.038590998995149395,2.00990622890329
0.838438174392605,0.13528621741341318,0.02627560819398178,0.9893238799187682,0.010676120081231755,1.0,2.0,0.03526146013517295,2.00990622890329
0.8234410279708154,0.1303385982976334,0.04622037373155119,0.9794571807937724,0.02054281920622758,1.0,2.0,0.037164645793705375,2.00990622890329
6.221155082852814e-05,0.016170740102502634,0.9837670483466688,0.991650929018858,0.008349070981142015,2.0,1.0,0.08457545917685394,2.0094776769125793
0.009363217364631082,0.009527730109176735,0.9811090525261922,0.9865393178417473,0.01346068215825269,2.0,1.0,0.08734152702788012,2.0094776769125793
0.9665421554925951,0.028282547023056104,0.005175297484348751,0.9960107378561833,0.003989262143816674,2.0,1.0,0.7197576169569294,2.0094470364044548
0.9551540897155235,0.04865175425129298,0.0,0.9886746656949169,0.01132533430508309,2.0,1.0,0.7199243164572836,2.0094470364044548
0.9482773094604963,0.06387990793306131,0.0,0.9984209845531835,0.0015790154468164896,2.0,1.0,0.7280462538667981,2.0094470364044548
0.9942337698158255,0.04179268633955724,0.0,0.9849892323044417,0.015010767695558314,2.0,1.0,0.7145834958954677,2.0094470364044548
0.9775704868690318,0.05217650669478757,0.0,0.9936801198408393,0.00631988015916074,2.0,1.0,0.7456460016755155,2.0092984971562267
0.948310834513687,0.057878009677637676,0.0,0.9933613377567323,0.006638662243267701,2.0,1.0,0.49288790916039027,2.0092793129160555
0.9404008812671453,0.0485668173390702,0.011032301393784527,0.985735271118634,0.014264728881365984,2.0,1.0,0.4690709121052067,2.0091024216633993
0.9979677655264064,0.03548132401981241,0.0,0.978608686995254,0.02139131300474595,2.0,1.0,0.32744306979407656,2.0088727189826217
0.878682830512619,0.0621956097542693,0.05912155973311173,0.9804417800348633,0.019558219965136736,2.0,1.0,0.26267506576584543,2.008757753574116
0.9414699338754761,0.05982931777385325,0.0,0.9771806074028514,0.022819392597148602,2.0,1.0,0.7083519962903825,2.008596877540533
0.9713380375825891,0.06853245464128555,0.0,0.9751733170183897,0.024826682981610282,2.0,1.0,0.3151573011966937,2.0084315071023404
0.9664485793226124,0.020734652659380015,0.012816768018007574,0.9911507307160048,0.00884926928399521,2.0,1.0,0.02427704046202961,2.0083787855393966
0.9729602665511711,0.0674286205171496,0.0,0.9913164525066973,0.00868354749330269,2.0,1.0,0.6950499269128019,2.008214392779701
0.8904712519314507,0.0728252357269954,0.03670351234155389,0.9773621330997616,0.02263786690023839,2.0,1.0,0.25846634922515643,2.008093957893777
0.8549863397313222,0.08813733295448067,0.05687632731419712,0.9792528075338501,0.020747192466149866,2.0,1.0,0.038707894784797525,2.007901980600689
0.9368449632624978,0.021270766158301257,0.041884270579200966,0.9998229257572814,0.00017707424271862227,2.0,1.0,0.007739757662778346,2.007846533200852
0.890787282222495,0.008496956414366541,0.10071576136313842,0.9854644666292397,0.0145355333707603,2.0,1.0,0.268847594308378,2.0078420310461373
0.9959657116517808,0.03418733869821755,0.0,0.9787138828707518,0.021286117129248217,2.0,1.0,0.2926173283805984,2.007503238515799
0.8812508649893447,0.020723227584506843,0.09802590742614847,0.9937631612419449,0.006236838758055141,2.0,1.0,0.34682550632398523,2.007047238316123
0.8913109523017646,0.007066662437678395,0.101622385260557,0.9944153845997448,0.005584615400255233,2.0,1.0,0.34898320868761945,2.007047238316123
0.877201445369162,0.011107674294418501,0.1116908803364195,0.9850433544028078,0.01495664559719223,2.0,1.0,0.42327094735721793,2.006677015090777
0.9232890433124795,0.02393655847764853,0.05277439820987195,0.976682429889068,0.02331757011093205,2.0,1.0,0.24311649160580462,2.006506522164255
0.9158103877872007,0.013851153823472462,0.07033845838932684,0.9876926154120788,0.012307384587921244,2.0,1.0,0.2430014856620154,2.006506522164255
0.9879014646400274,0.04254962802771256,0.0,0.9855902771246192,0.014409722875380782,1.0,2.0,0.023981328768928334,2.0064961357729705
0.8950923980428594,0.06424016754509909,0.04066743441204146,0.9810652475150946,0.018934752484905393,2.0,1.0,0.22408187021297632,2.0063388592999662
0.9088629056080243,0.06436298169039212,0.026774112701583586,0.9880724127464471,0.011927587253552918,2.0,1.0,0.2242297989299994,2.0063388592999662
0.955193194937459,0.04346510847905871,0.0013416965834822658,0.9992844441574603,0.0007155558425396835,1.0,2.0,0.0008316469423512718,2.005951524581488
0.9953985248412789,0.06987474156342144,0.0,0.9758242583446994,0.024175741655300564,1.0,2.0,0.006068474264883328,2.005951524581488
0.9998489935420408,0.03738667062571499,0.0,0.98773867033782,0.012261329662179965,1.0,2.0,0.01539177390778168,2.005951524581488
0.9787567230280946,0.031308249862460835,0.0,0.9969507475678756,0.003049252432124394,1.0,2.0,0.006213999395134007,2.005951524581488
0.9537054555411055,0.04690542263843922,0.0,0.9777581053835462,0.02224189461645376,1.0,2.0,0.014712322613405271,2.005951524581488
0.9321186931759534,0.07422105443942428,0.0,0.9763099370129386,0.023690062987061444,1.0,2.0,0.02192633041802261,2.005951524581488
0.9482116557270952,0.0675176438787164,0.0,0.9876956633412962,0.012304336658703785,1.0,2.0,0.016482901985582554,2.005951524581488
0.9930310581970054,0.06497727573875134,0.0,0.9850298942895878,0.01497010571041224,1.0,2.0,0.01254069212871678,2.005951524581488
0.9955884686174021,0.0615366818274915,0.0,0.9780195216106494,0.021980478389350577,1.0,2.0,0.009451294346525141,2.005951524581488
0.8602115726436682,0.022595342003670082,0.11719308535266171,0.9795229739713671,0.020477026028632883,2.0,1.0,0.3721000190379202,2.0056847829287863
0.8931605744526414,0.008362404019605418,0.09847702152775317,0.9815398277354406,0.018460172264559427,2.0,1.0,0.4109364549778124,2.005381849825009
0.8795932510090311,0.007641970846096857,0.11276477814487207,0.992433777134453,0.007566222865546979,2.0,1.0,0.5096868174379031,2.0053237222814686
0.9959797747851707,0.0674411755634634,0.0,0.99229097754868,0.007709022451319991,2.0,1.0,0.6826860928175602,2.0052693013940353
0.9949229202607444,0.033769889840218115,0.0,0.9856776222003232,0.014322377799676822,2.0,1.0,0.6856338657165466,2.0052693013940353
0.9458383318337582,0.07201743480282041,0.0,0.983943971107136,0.01605602889286395,2.0,1.0,0.6854770630651495,2.0052693013940353
0.898047058591489,0.021698981387973437,0.08025396002053753,0.9818677215503556,0.01813227844964438,2.0,1.0,0.492974329987689,2.0052487156288312
0.9775396204480564,0.04037728403173313,0.0,0.9864028954393356,0.01359710456066443,2.0,1.0,0.428692240103025,2.0051648980805297
0.9994011667257329,0.053876307569612814,0.0,0.9982690493008252,0.001730950699174838,2.0,1.0,0.43149047925989814,2.0051648980805297
0.9947081434964326,0.0454130466363426,0.0,0.9803250099215011,0.019674990078498933,2.0,1.0,0.8477097244769807,2.0051259746297396
0.9717025436953923,0.052991447689380466,0.0,0.9921150209243467,0.007884979075653331,2.0,1.0,0.8493454957978948,2.0051259746297396
0.9710849534598904,0.04599581825621857,0.0,0.9995468441669708,0.00045315583302918405,2.0,1.0,0.855996918620799,2.0051259746297396
0.9571456582780732,0.07012656856666477,0.0,0.9785012510554272,0.02149874894457282,2.0,1.0,0.8532238510944059,2.0051259746297396
0.9569840778901737,0.03289831089118067,0.010117611218645628,0.9809973350540384,0.01900266494596159,2.0,1.0,0.8555423430581901,2.0051259746297396
0.9806728384676264,0.03915999346349297,0.0,0.9986627589874385,0.0013372410125614964,2.0,1.0,0.5489364598258496,2.0047488937834226
0.9757823930584102,0.04106048088099745,0.0,0.9796917001312367,0.020308299868763258,2.0,1.0,0.5510267061468075,2.0047488937834226
0.9730892972624585,0.033486606501834104,0.0,0.9855161673380836,0.01448383266191644,2.0,1.0,0.5505953655191083,2.0047488937834226
0.9777655874479758,0.038133512378393686,0.0,0.9885850349001812,0.011414965099818764,2.0,1.0,0.550792085739175,2.0047488937834226
0.927572844987922,0.055746824864914,0.01668033014716397,0.9794679260403674,0.020532073959632635,2.0,1.0,0.24758007011392202,2.004685303305108
0.9926410722988462,0.04676240567274881,0.0,0.9817973433477807,0.018202656652219318,2.0,1.0,0.8709766437057473,2.004680465030654
0.9544038004439896,0.03790120021444421,0.007694999341566144,0.9871285614996242,0.012871438500375754,2.0,1.0,0.8700927715963451,2.004680465030654
0.8820850318249303,0.07390896293579186,0.04400600523927789,0.9994457788021439,0.0005542211978560863,2.0,1.0,0.22083647810543117,2.004478764416638
0.8960137541325858,0.005604419535290894,0.09838182633212333,0.9800881126651664,0.019911887334833622,2.0,1.0,0.36928091730835055,2.0043996586271344
0.885535424502845,0.008919936810843687,0.10554463868631137,0.9802478672143684,0.019752132785631593,2.0,1.0,0.36955379039807723,2.0043996586271344
0.9322275191689893,0.019672150767169327,0.0481003300638414,0.9979554256923879,0.002044574307612068,2.0,1.0,0.35417124560402136,2.0043674838939567
0.9250075831316673,0.004876537618858201,0.07011587924947449,0.9774551196374334,0.022544880362566633,1.0,2.0,0.005080464053834999,2.00425629796813
0.9202708831060599,0.018621869712577066,0.06110724718136307,0.99631572501152,0.0036842749884800075,1.0,2.0,0.0021936368157192687,2.00425629796813
0.9057906648443728,0.05509980270594439,0.03910953244968285,0.9826166854366081,0.017383314563391927,2.0,1.0,0.2105054475961422,2.0031764451977963
0.9322695278104569,0.028624098982882318,0.03910637320666077,0.983138558079253,0.01686144192074701,2.0,1.0,0.22875789661569146,2.00312600609705
0.8835192134220412,0.03687364400383497,0.07960714257412382,0.9874648943827021,0.01253510561729787,2.0,1.0,0.2511989735053016,2.0030116121777097
0.940281614454118,0.07199552767485518,0.0,0.986861002904988,0.013138997095011984,2.0,1.0,0.6780794699601768,2.0029047008908747
0.9755993975079311,0.03543956782742752,0.0,0.9865994883473416,0.013400511652658431,2.0,1.0,0.6820055154978844,2.0029047008908747
0.9915469612137282,0.04034044432132722,0.0,0.9882898954153867,0.011710104584613301,2.0,1.0,0.6822957492774395,2.0029047008908747
0.9064346013637684,0.022077104370672673,0.07148829426555892,0.979833679338446,0.020166320661553994,2.0,1.0,0.7823769155224344,2.0028870769629643
0.9121683583332488,0.024584176102368516,0.06324746556438265,0.9971312338439394,0.002868766156060576,2.0,1.0,0.7790429217089136,2.0028870769629643
0.877069345995431,0.0033889015309614967,0.11954175247360754,0.9907079252424963,0.00929207475750371,2.0,1.0,0.4142100908016352,2.0027052197614097
0.9001901100505566,0.03006985098866677,0.06974003896077663,0.9942683626648283,0.00573163733517168,2.0,1.0,0.26035027321726656,2.0026161916181784
0.8823767402809698,0.05422303092329728,0.06340022879573293,0.9866132791720079,0.013386720827992082,2.0,1.0,0.2619138691571402,2.0026161916181784
0.8734886246243964,0.043396009420972326,0.08311536595463132,0.9917561592372596,0.008243840762740429,2.0,1.0,0.2576221122077694,2.0026161916181784
0.9831260624971211,0.03670052667611734,0.0,0.9809787118017257,0.01902128819827431,2.0,1.0,0.5630897619897691,2.002511996956157
0.986780816761094,0.03324338281569372,0.0,0.9820221401360386,0.017977859863961387,2.0,1.0,0.558709503511742,2.002511996956157
0.9946675638959036,0.06508272439777196,0.0,0.9883761729477187,0.011623827052281266,2.0,1.0,0.5557369708237505,2.002511996956157
0.857697500669062,0.0065940976964985465,0.13570840163443942,0.9983856444859402,0.001614355514059751,2.0,1.0,0.2627250652562021,2.00209781983624
0.9840488734563383,0.043006579069509776,0.0,0.9931553250773751,0.0068446749226248604,2.0,1.0,0.45592665580421576,2.002024792712114
0.94961017439394,0.06919318252008189,0.0,0.981859384977376,0.018140615022623985,2.0,1.0,0.5665906520054651,2.001767587329414
0.9491807404665102,0.055714651762440615,0.0,0.9876162255011476,0.012383774498852418,2.0,1.0,0.5641509503312327,2.001767587329414
0.9563589374808837,0.05471744221002117,0.0,0.991591973802645,0.008408026197355034,2.0,1.0,0.1859957643148834,2.0017380662052684
0.9978347024003547,0.0633924006449359,0.0,0.9852096243995434,0.014790375600456596,2.0,1.0,0.6714486415625355,2.00171782336882
0.028972046072471502,0.02341939491052758,0.9476085590170009,0.9976207809696418,0.002379219030358204,2.0,1.0,0.2544715022336764,2.001446980479476
0.9978208590150247,0.04766172126051815,0.0,0.9935464862106326,0.006453513789367427,2.0,1.0,0.9940607215437182,2.0012827487560507
0.943877135986966,0.07369069948217088,0.0,0.9893257886911246,0.010674211308875359,2.0,1.0,0.4526698721048451,2.0012726219496058
0.9796170322382043,0.06121501906391458,0.0,0.9896531003328146,0.010346899667185383,2.0,1.0,0.6684439393347417,2.0011100467767915
0.0031330529899425974,0.02105591666518447,0.9758110303448729,0.9773090285066293,0.022690971493370737,2.0,1.0,0.3936112945989374,2.001050844898768
0.8489313505515448,0.07322369893923497,0.07784495050922025,0.9805872441090997,0.019412755890900302,2.0,1.0,0.21329813811045095,2.0008426427004067
0.9772760327046207,0.05913759123726958,0.0,0.9759483453280126,0.024051654671987444,2.0,1.0,0.6629724396203053,2.000712177528849
0.961802999090685,0.02642380172368164,0.011773199185633354,0.9774523677129622,0.022547632287037822,2.0,1.0,0.6662753606127814,2.000712177528849
0.8115517843970633,0.15571687617369323,0.032731339429243445,0.9813212968947591,0.01867870310524089,1.0,2.0,0.0363903973155586,2.0002789243639016
0.9786394092096322,0.05732439301818171,0.0,0.9895012285079684,0.0104987714920316,2.0,1.0,0.7932282108828931,2.0002522207773823
0.9415175800042414,0.05758535649805552,0.0008970634977031322,0.9972891918955937,0.0027108081044062704,2.0,1.0,0.808058341955351,2.0002522207773823
0.9862861838738302,0.050480127445177714,0.0,0.9974028873831923,0.0025971126168077285,2.0,1.0,0.8016935672941865,2.0002522207773823
0.961936986570013,0.06069823924728179,0.0,0.9845900953626493,0.015409904637350702,2.0,1.0,0.8039825875458556,2.0002522207773823
0.9699804895041263,0.04694642028901996,0.0,0.9878061317995882,0.012193868200411795,2.0,1.0,0.8106175763429035,2.0002522207773823
0.995895295591005,0.027540158926981473,0.0,0.9883216163284793,0.011678383671520742,2.0,1.0,0.8136708297377947,2.0002522207773823
0.9587913956405796,0.06676348606211024,0.0,0.9859107844172258,0.014089215582774206,2.0,1.0,0.8127477363837257,2.0002522207773823
0.9343822835692476,0.06719941314414513,0.0,0.993767971470301,0.006232028529698952,2.0,1.0,0.7983088680304903,2.0002522207773823
0.9447631350712593,0.06486936668840992,0.0,0.9841666038740279,0.01583339612597212,2.0,1.0,0.818491495342632,2.0002522207773823
0.9560024340353527,0.014099024518192671,0.02989854144645465,0.986779814190592,0.01322018580940798,2.0,1.0,0.7658969365749172,2.000074495390532
0.8791418976089278,0.02185952130532709,0.09899858108574511,0.9898422223251347,0.010157777674865254,2.0,1.0,0.39774668571028693,2.0000361555554287
0.9431351720897055,0.06801062596907204,0.0,0.9961244714251917,0.003875528574808329,2.0,1.0,0.950355547232522,1.9999435143850497
0.9217247637653601,0.06737609227230712,0.010899143962332825,0.9935169720006202,0.006483027999379831,2.0,1.0,0.9225654320634741,1.9999435143850497
0.9600151380956716,0.04006198880904188,0.0,0.9802701084518354,0.019729891548164624,2.0,1.0,0.9475574508700875,1.9999435143850497
0.9489359705904782,0.04241356489720893,0.008650464512312883,0.9916361947486896,0.008363805251310419,2.0,1.0,0.9277718959078347,1.9999435143850497
0.9624001231501571,0.06061914750500241,0.0,0.9881600578346352,0.01183994216536477,2.0,1.0,0.9362803844421873,1.9999435143850497
0.9320832084093463,0.055682786217595814,0.012234005373057855,0.9823127443015107,0.01768725569848928,2.0,1.0,0.9505454080669207,1.9999435143850497
0.9542341623308842,0.06858914132541827,0.0,0.9777316762275194,0.02226832377248056,2.0,1.0,0.9346117482621767,1.9999435143850497
0.9500336581635556,0.06806002931850363,0.0,0.9991880269480549,0.0008119730519451362,2.0,1.0,0.9361706175293423,1.9999435143850497
0.9503263613648377,0.04835523027732991,0.001318408357832368,0.9877834455938237,0.012216554406176305,2.0,1.0,0.9362053134633949,1.9999435143850497
0.9370507618555284,0.06597050076037236,0.0,0.9842311191271265,0.015768880872873536,2.0,1.0,0.9399679535127795,1.9999435143850497
0.9333753986227414,0.06322162153717303,0.0034029798400855293,0.9861060312441109,0.013893968755889108,2.0,1.0,0.9555811922257961,1.9999099917231236
0.9580287103460197,0.0659721387591028,0.0,0.9867877102518894,0.013212289748110617,2.0,1.0,0.9910683792267119,1.9999099917231236
0.9254838043604524,0.07437001718977243,0.00014617844977515837,0.9962459143251606,0.003754085674839369,2.0,1.0,0.9600362934182476,1.9999099917231236
0.9849625992461294,0.05307452015213909,0.0,0.9913068531028761,0.00869314689712386,2.0,1.0,0.9741325370496072,1.9999099917231236
0.9593666959014997,0.06258131144169132,0.0,0.9751730865960414,0.024826913403958595,2.0,1.0,0.9594427548111875,1.9999099917231236
0.9846487939121277,0.04650935209900253,0.0,0.990537449214332,0.009462550785668045,2.0,1.0,0.9663562122570603,1.9999099917231236
0.942334264991521,0.07400407519754415,0.0,0.9815154987876236,0.018484501212376436,2.0,1.0,0.9666925913335563,1.9999099917231236
0.9851648319682459,0.07469309696645343,0.0,0.9865220559417613,0.013477944058238656,2.0,1.0,0.9688746821292678,1.9999099917231236
0.9924429424725986,0.07166060929563733,0.0,0.9811615778909702,0.01883842210902975,2.0,1.0,0.9758161249102101,1.9999099917231236
0.9459526195787711,0.010718021456184279,0.04332935896504464,0.9941386999032686,0.005861300096731359,2.0,1.0,0.7594236007226264,1.999905604853684
0.9176991837406308,0.014277105836433157,0.06802371042293609,0.9918319380920892,0.00816806190791075,2.0,1.0,0.7664507801192982,1.999790300747081
0.9701654992440354,0.04570150772627557,0.0,0.9987363931048573,0.0012636068951427104,2.0,1.0,0.5414100787115513,1.9997094329309868
0.965088557916443,0.062099645943096915,0.0,0.9753382156540085,0.024661784345991533,2.0,1.0,0.5473828637093516,1.9997094329309868
0.9600920100429017,0.17693050463536775,0.0,0.9806419504645144,0.01935804953548559,1.0,2.0,0.03626751726653732,1.9995618374181467
0.9526029742017326,0.1977919821563271,0.0,0.9887149182801133,0.011285081719886736,1.0,2.0,0.034236821882610124,1.9995618374181467
0.793186591292734,0.21489139768677712,0.0,0.9961455206389526,0.003854479361047436,1.0,2.0,0.03745586024180281,1.9995618374181467
0.9067768513425405,0.22384473768130464,0.0,0.9884098439842609,0.011590156015739095,1.0,2.0,0.038666294983116134,1.9995618374181467
0.9411774943600095,0.17981296360305032,0.0,0.9898303507089988,0.01016964929100117,1.0,2.0,0.034555178207537396,1.9995618374181467
0.9522931066571924,0.20390492798380222,0.0,0.9934645942103838,0.0065354057896162,1.0,2.0,0.03894679619131758,1.9995618374181467
0.8731307041550664,0.013033706909189147,0.11383558893574441,0.9969081169659803,0.003091883034019749,2.0,1.0,0.3801789634041557,1.9995024631075278
0.958509071668228,0.004952895317034467,0.03653803301473757,0.9943505224045011,0.005649477595498942,2.0,1.0,0.7697948960686931,1.9994592064663141
0.9533759939075318,0.018998601982835983,0.027625404109632212,0.9818564872579149,0.018143512742085144,2.0,1.0,0.7695763620825127,1.9994592064663141
0.8961268049066989,0.057698292150877406,0.04617490294242366,0.9804112665600087,0.019588733439991346,2.0,1.0,0.0012024836619408674,1.9987417049754699
0.9048060326243481,0.06038969038225972,0.03480427699339217,0.9815958038645333,0.018404196135466733,2.0,1.0,0.014863328735366554,1.9987417049754699
0.9090108114599433,0.05649776899962489,0.03449141954043178,0.9843934996870152,0.015606500312984828,2.0,1.0,0.004557089471422859,1.9987417049754699
0.9405110028411879,0.026181416061035523,0.03330758109777654,0.9883906109195851,0.011609389080414867,2.0,1.0,0.018244289596288543,1.9987417049754699
0.9718461047261447,0.025270168357420797,0.0028837269164344592,0.9958427236801126,0.004157276319887382,2.0,1.0,0.5384059447171182,1.998136960611149
0.9194784929158147,0.04862818315306694,0.03189332393111832,0.976189416456031,0.023810583543969033,2.0,1.0,0.22659819459052388,1.9979588146377292
0.9857114721445738,0.07250456529041682,0.0,0.9859648889883789,0.014035111011621138,2.0,1.0,0.6454810704073044,1.9977296353230645
0.9925885336010298,0.04938495871669013,0.0,0.9855662844762184,0.014433715523781587,2.0,1.0,0.6481546911333991,1.9977296353230645
0.9564853892043409,0.0050847347338550675,0.038429876061804036,0.9910365456371828,0.008963454362817203,2.0,1.0,0.44005430092708453,1.997375709187895
0.9457422946611207,0.013416571166082858,0.040841134172796445,0.9836356798886087,0.01636432011139133,2.0,1.0,0.17912244411639378,1.9973282791529063
0.971111060393899,0.013261066420626966,0.015627873185473984,0.9838970507361435,0.01610294926385647,2.0,1.0,0.1791634876301893,1.9973282791529063
0.8686548738829294,0.016656389192665655,0.11468873692440495,0.995630547473416,0.00436945252658405,2.0,1.0,0.39132535796051393,1.9972245313776464
0.9163432380631793,0.06622408172710592,0.01743268020971478,0.9845350843032703,0.015464915696729697,2.0,1.0,0.2685909976045663,1.9972029516444372
0.9376567235894111,0.020939619175126323,0.041403657235462576,0.9806175928418022,0.019382407158197834,2.0,1.0,0.7248051231925762,1.9968055190345504
0.9765276445763116,0.07173902216129913,0.0,0.9802590220042192,0.019740977995780784,2.0,1.0,0.6559761849380382,1.99670417575679
0.9888366096742466,0.05868676066744427,0.0,0.9864408095228206,0.01355919047717935,2.0,1.0,0.6554723165694498,1.99670417575679
0.9835916643929334,0.07017984451155135,0.0,0.9987676861822609,0.001232313817739139,2.0,1.0,0.6534103002450408,1.99670417575679
0.9365232562859828,0.05540838996160424,0.008068353752412993,0.984555926345829,0.015444073654170998,2.0,1.0,0.6524985138880585,1.99670417575679
0.9749904622315935,0.0601441004394625,0.0,0.9892016125147446,0.010798387485255412,2.0,1.0,0.6522276682967697,1.99670417575679
0.9726067322541926,0.030078981924493875,0.0,0.9907751731363579,0.009224826863642122,2.0,1.0,0.6524686404143157,1.99670417575679
0.8787326200258712,0.01020697093787215,0.11106040903625669,0.9800914051620838,0.019908594837916183,2.0,1.0,0.3521829680818027,1.9966336162739102
0.929036591515888,0.014139006485302086,0.05682440199880989,0.9847674900499666,0.015232509950033446,2.0,1.0,0.7219023284080062,1.9965213243910995
0.895673441113846,0.019803339617590843,0.08452321926856321,0.9956224118294369,0.004377588170563107,2.0,1.0,0.7181519680783423,1.9965213243910995
0.794182631529436,0.1347176361906468,0.07109973227991717,0.9877810355510026,0.012218964448997394,1.0,2.0,0.03608458209062815,1.9962279938606742
0.014143214485395017,0.019984055142990953,0.965872730371614,0.9980532746038078,0.0019467253961922282,2.0,1.0,0.19388904069937096,1.9961529178221156
0.014724846701352767,0.007552797732105931,0.9777223555665413,0.9753409255152178,0.024659074484782217,2.0,1.0,0.41646869913940354,1.9960315043269632
0.8851633865426165,0.0361810129046104,0.0786556005527731,0.9909709229237147,0.009029077076285308,2.0,1.0,0.02388165297973799,1.995899541574514
0.16631690091150708,0.023225923176918295,0.8104571759115746,0.9845049493917616,0.015495050608238414,2.0,1.0,0.26317330498876146,1.9958348285245784
0.011629503845008271,0.012974884843113932,0.9753956113118778,0.9779120540386911,0.02208794596130892,2.0,1.0,0.020323463781389606,1.9958054164106056
0.013197006004215694,0.006043961429980871,0.9807590325658034,0.999159322081614,0.0008406779183860458,2.0,1.0,0.006362844946655621,1.9958054164106056
0.9970761055072975,0.0341351914563901,0.0,0.9950309457530628,0.004969054246937166,2.0,1.0,0.6574489531554069,1.995622653659304
0.03644171587278533,0.021682291057069092,0.9418759930701456,0.9975388499164252,0.0024611500835748368,2.0,1.0,0.24973937007806069,1.995517353816036
0.8553882382201499,0.07102643022446731,0.07358533155538283,0.9990642593811555,0.0009357406188444939,2.0,1.0,0.01638935863967772,1.9953672892359693
0.8958836590128368,0.027937435197896265,0.07617890578926689,0.9964700527952659,0.0035299472047340963,2.0,1.0,0.004714448789425618,1.9953672892359693
0.8863516281428893,0.04892524359261552,0.06472312826449522,0.9871683072974832,0.012831692702516828,2.0,1.0,0.01781149941886495,1.9953672892359693
0.8929368998526053,0.047266620564661244,0.059796479582733486,0.9801939506681459,0.019806049331854148,2.0,1.0,0.0088894518720124,1.9953672892359693
0.861359355202894,0.07345182725840638,0.06518881753869965,0.999599883691394,0.00040011630860603553,2.0,1.0,0.01641258474621554,1.9953672892359693
0.8715079008695733,0.061219805696891005,0.06727229343353569,0.9843622381579407,0.01563776184205934,2.0,1.0,0.0002572718004985042,1.9953672892359693
0.9617605652374669,0.06622888526910764,0.0,0.986954583403209,0.013045416596791037,2.0,1.0,0.8838075292211399,1.9952380454884422
0.9852850560203175,0.03084112425306984,0.0,0.9763176106699054,0.02368238933009459,2.0,1.0,0.8813542004894171,1.9952380454884422
0.9663438549194376,0.03431604486167672,0.0,0.9934547164547956,0.00654528354520445,2.0,1.0,0.8860613636489378,1.9952380454884422
0.9746203433008952,0.05367754028655758,0.0,0.996451730266584,0.003548269733416043,2.0,1.0,0.8897631183821252,1.9952380454884422
0.9506756044683985,0.04607563739254483,0.0032487581390566733,0.9996032705183963,0.00039672948160374144,2.0,1.0,0.9014575384378644,1.9952166769384663
0.9356265875510846,0.05608023344468105,0.008293179004234319,0.9760781838805033,0.02392181611949673,2.0,1.0,0.9138301333131208,1.9952166769384663
0.998733575580525,0.05177703881382334,0.0,0.9781272427705484,0.02187275722945159,2.0,1.0,0.9124131596332711,1.9952166769384663
0.9805745674634244,0.05659825754275982,0.0,0.9869594628233743,0.013040537176625677,2.0,1.0,0.905410380992964,1.9952166769384663
0.9613369871130395,0.038178936742816916,0.0004840761441435859,0.9856522472089276,0.014347752791072366,2.0,1.0,0.8990947235088049,1.9952166769384663
0.9897653261744072,0.05235932404997545,0.0,0.9841287874748812,0.015871212525118805,2.0,1.0,0.9089617312913529,1.9952166769384663
0.9952756393042738,0.03551399120120313,0.0,0.9861943188960388,0.013805681103961187,2.0,1.0,0.913001768258755,1.9952166769384663
0.8885316525380665,0.1003543662879195,0.011113981174013965,0.9943669198337732,0.005633080166226767,0.0,3.0,0.03475377366745014,1.9951904597574284
0.958585766511023,0.10254845613749075,0.0,0.9842465032839461,0.01575349671605386,0.0,3.0,0.0380589492372716,1.9951904597574284
0.955952168780444,0.07826108100654927,0.0,0.9822242093963748,0.01777579060362522,0.0,3.0,0.03809221842890187,1.9951904597574284
0.9715444577297163,0.09055067944878226,0.0,0.9997363111796795,0.00026368882032046237,0.0,3.0,0.036126399044389745,1.9951904597574284
0.9548398026145558,0.09502043177144393,0.0,0.9942360083619559,0.005763991638044086,0.0,3.0,0.03868710772779238,1.9951904597574284
0.9557209000012507,0.09827454823112525,0.0,0.979242269348297,0.020757730651703055,0.0,3.0,0.03543048304799257,1.9951904597574284
0.9464088644201997,0.046126367137794166,0.007464768442006164,0.9771693076047268,0.022830692395273244,2.0,1.0,0.8258517909358988,1.99498640921296
0.9743920346075429,0.026228883771132083,0.0,0.9864110382783718,0.013588961721628157,2.0,1.0,0.8328191231027906,1.99498640921296
0.9435008383847934,0.04788147594458203,0.008617685670624597,0.9956173105097451,0.004382689490254887,2.0,1.0,0.8316061708326706,1.99498640921296
0.9904202081866699,0.0549888242181078,0.0,0.9781644846628302,0.021835515337169764,2.0,1.0,0.833148652074851,1.99498640921296
0.9330068828584651,0.05804006608971246,0.008953051051822425,0.9823056448862769,0.01769435511372308,2.0,1.0,0.8418289446180908,1.99498640921296
0.9849818109138222,0.021528791048637697,0.0,0.9901297409597971,0.009870259040202889,2.0,1.0,0.17029097698180617,1.9949305771048893
0.9400703976183065,0.004420604825143393,0.055508997556550144,0.9936086141352596,0.006391385864740418,2.0,1.0,0.5113125100301563,1.9945496005916417
0.8829228846644088,0.014016795831558904,0.10306031950403227,0.9785846425313639,0.021415357468636098,2.0,1.0,0.3147357458624013,1.9942181323886543
0.8608587690639887,0.006074344806385246,0.13306688612962603,0.9847347892781292,0.015265210721870814,2.0,1.0,0.20600256978695108,1.9937226293302048
0.016048874685388292,0.01318697006049152,0.9707641552541202,0.9899807258561398,0.010019274143860168,2.0,1.0,0.29192163534736604,1.9934124693416844
0.9699293885036442,0.0164352845436877,0.013635326952668114,0.9961095960741966,0.0038904039258034206,2.0,1.0,0.6875751693715645,1.9933559158388645
0.9749908070539468,0.010867865379941,0.014141327566112194,0.9984003031362646,0.0015996968637354003,2.0,1.0,0.689766786490031,1.9933559158388645
0.9378984235909948,0.014836860330784574,0.04726471607822058,0.9789320812658519,0.02106791873414815,2.0,1.0,0.6862262368985168,1.9933559158388645
0.8906932671189126,0.016481240552949528,0.09282549232813786,0.9889729732065621,0.011027026793437922,2.0,1.0,0.4765855736209078,1.9933088247559727
0.8880722778267723,0.07375739691525163,0.038170325257976034,0.9755710093882071,0.024428990611792933,2.0,1.0,0.19717150091124724,1.9928757303497413
0.9640905199102349,0.010276328640774435,0.0256331514489907,0.9760045236545659,0.023995476345434086,2.0,1.0,0.8586273781382104,1.9925634024917187
0.9486632739231556,0.008699506904366605,0.04263721917247776,0.9866613078456212,0.013338692154378773,2.0,1.0,0.8553835409328808,1.9925634024917187
0.8829486978686562,0.07378384160496654,0.04326746052637731,0.997004324585875,0.002995675414125043,2.0,1.0,0.33011634309149573,1.992497738890612
0.8896432088963416,0.009000317285797976,0.10135647381786039,0.9950054095810573,0.004994590418942679,2.0,1.0,0.18905491821484055,1.992456193617441
0.9200323290514989,0.0019760980352631075,0.077991572913238,0.9969741600799723,0.0030258399200276953,2.0,1.0,0.8564368332886558,1.992279207848268
0.903738294793377,0.018296468525359044,0.07796523668126398,0.9827139759692806,0.017286024030719438,2.0,1.0,0.8545395130805263,1.992279207848268
0.9113718295817282,0.055113318523894894,0.03351485189437686,0.9982596023573868,0.001740397642613245,2.0,1.0,0.5063534511277337,1.9922122065137116
0.8644799498486399,0.05294490663165863,0.08257514351970152,0.9808134161445634,0.01918658385543659,2.0,1.0,0.2267138476183448,1.9921535333465477
0.8814636604796705,0.05647221819732173,0.06206412132300776,0.9781578945596233,0.02184210544037668,2.0,1.0,0.22681441716656192,1.9921535333465477
0.9385043387375468,0.019671430188599404,0.0418242310738538,0.9899175288689143,0.010082471131085735,2.0,1.0,0.8629702061542127,1.9921273833547808
0.9374521923422522,0.021134303934559062,0.04141350372318875,0.9868076297887565,0.013192370211243531,2.0,1.0,0.8719082252115712,1.9921273833547808
0.02990065249184304,0.0013751108514225008,0.9687242366567345,0.9780216863191831,0.02197831368081693,2.0,1.0,0.28834153676390917,1.9919580267951205
0.913015817684339,0.002574653666796878,0.08440952864886409,0.9910312937898221,0.008968706210177868,2.0,1.0,0.8794201972341497,1.99184318871133
0.8669086272101661,0.06682030883489454,0.06627106395493931,0.9958880713668574,0.004111928633142581,2.0,1.0,0.2683157252463816,1.991725185368839
0.00240408941242376,0.039950512253504766,0.9576453983340715,0.9847301469559503,0.015269853044049708,2.0,1.0,0.32454828152458304,1.9916774994348985
0.9666079521570743,0.03590527430380319,0.0,0.9984122192213843,0.001587780778615655,2.0,1.0,0.5696103018136419,1.9915988301233387
0.8992521302355917,0.022102865904141233,0.07864500386026707,0.9875403320380169,0.012459667961983056,2.0,1.0,0.443279544308783,1.9910399356717652
0.9268592801615683,0.01553009760664581,0.057610622231785924,0.9755545017736887,0.024445498226311257,2.0,1.0,0.44216349514348763,1.9910399356717652
0.898895636867241,0.05148877089079129,0.049615592241967654,0.9921077837446461,0.007892216255353857,1.0,2.0,0.006057593795169236,1.9904854882551395
0.9036516145352634,0.0177855591252285,0.07856282633950806,0.9895033690502512,0.010496630949748842,2.0,1.0,0.6629607740811648,1.9903533706898826
0.03856643876812327,0.02092249700439719,0.9405110642274795,0.9754123915134689,0.024587608486531076,2.0,1.0,0.28204733904270496,1.9901246668569346
0.04009534730403497,0.007948889667932835,0.9519557630280322,0.9860034136850541,0.013996586314945936,2.0,1.0,0.31668762535810835,1.9901188760799213
0.9470576362516854,0.013987646470350223,0.0389547172779644,0.9995746740083499,0.0004253259916501273,2.0,1.0,0.47857442224856106,1.9901059908426015
0.910849624155903,0.0639947911553832,0.025155584688713817,0.9824137095818201,0.01758629041817994,2.0,1.0,0.36485273479535474,1.9896244363034825
0.9528551512062233,0.014095021025986032,0.03304982776779064,0.9962684903050318,0.0037315096949681603,2.0,1.0,0.536692684094347,1.9890555950758655
0.9532568529174494,0.0044811550877637,0.04226199199478686,0.9828294130112709,0.017170586988729086,2.0,1.0,0.6657651341568793,1.9887824343649032
0.9730098383357223,0.01431691913909372,0.01267324252518398,0.9915097108665599,0.008490289133440077,2.0,1.0,0.6639576471393248,1.9887824343649032
0.9360227319130653,0.016767274188775216,0.0472099938981595,0.9989824196202404,0.0010175803797596306,2.0,1.0,0.6662991604709866,1.9887824343649032
0.8434938557333661,0.06729282108965295,0.08921332317698094,0.9829997757839777,0.01700022421602232,2.0,1.0,0.20098712532500496,1.9885582467836538
0.8801134101123664,0.09580580786674942,0.02408078202088415,0.9780420890298183,0.021957910970181738,0.0,3.0,0.036914680709023484,1.9884357062475122
0.8861286742598603,0.08757301694011699,0.026298308800022707,0.9955877795938352,0.004412220406164846,0.0,3.0,0.035528979635295665,1.9884357062475122
0.8628323906373977,0.10606233698289347,0.031105272379708837,0.9904969510439587,0.00950304895604126,0.0,3.0,0.03540187577221443,1.9884357062475122
0.8545798479124765,0.03368051102887326,0.1117396410586502,0.9825984591302487,0.01740154086975132,2.0,1.0,0.20048588020674463,1.9878168753449967
0.9568150160687673,0.006013832396442709,0.03717115153479,0.9768591692658494,0.02314083073415063,2.0,1.0,0.8169855295732739,1.9876549606438825
0.042637395401624256,0.018831983429753008,0.9385306211686227,0.9949234091562784,0.0050765908437215845,2.0,1.0,0.25644796311765183,1.98760228961012
0.8797997613748999,0.07370438606454699,0.04649585256055311,0.9815020828582355,0.01849791714176452,2.0,1.0,0.3382132604161938,1.9874176266649775
0.9138983197106677,0.019039310228944006,0.06706237006038829,0.9904409709905717,0.009559029009428288,2.0,1.0,0.793254042648168,1.9873707660004318
0.9165064806687093,0.002277539361754677,0.081215979969536,0.9941157336928761,0.005884266307123909,2.0,1.0,0.795623293120932,1.9873707660004318
0.0008479044143814285,0.059961140141814306,0.9391909554438043,0.9786900842295879,0.02130991577041208,2.0,1.0,0.2527457210148747,1.9871460203153373
0.894476766715459,0.06840853635895339,0.037114696925587665,0.9829011396119927,0.017098860388007342,2.0,1.0,0.27836562273119736,1.987132890102043
0.9300740509778378,0.0516396873486874,0.018286261673474802,0.994419259756398,0.005580740243602,2.0,1.0,0.2786029809337952,1.987132890102043
0.16737938905053296,0.02183381499477488,0.8107867959546922,0.9962702604542388,0.003729739545761168,2.0,1.0,0.20827709604729194,1.9870186531564347
0.9392307357863368,0.019456055851874265,0.04131320836178898,0.9853364227808026,0.014663577219197421,2.0,1.0,0.9377357535463247,1.986866149587089
0.9610896058573907,0.02463961179802987,0.014270782344579458,0.9961006721613358,0.0038993278386642016,2.0,1.0,0.931535861823139,1.986866149587089
0.9758092229235349,0.000489877134041361,0.023700899942423748,0.9948713266271954,0.0051286733728046485,2.0,1.0,0.9320720241163101,1.986866149587089
0.9570625626106322,0.022396377179098703,0.020541060210269135,0.9881497347021677,0.011850265297832285,2.0,1.0,0.9234820171157359,1.986866149587089
0.9390497393017438,0.014255494972017058,0.046694765726239096,0.9823872914500552,0.01761270854994479,2.0,1.0,0.9492881582032723,1.986866149587089
0.9397818561722474,0.018590238573052753,0.04162790525469984,0.9944312944949721,0.00556870550502786,2.0,1.0,0.9312437983038991,1.986866149587089
0.9639178529564447,0.006506344965209632,0.029575802078345648,0.9869138234588566,0.013086176541143413,2.0,1.0,0.9427124776379462,1.986866149587089
0.9627610234680261,0.023875228483457356,0.013363748048516588,0.988024220203408,0.011975779796592034,2.0,1.0,0.9566815043308542,1.9868325626593404
0.9242892443565138,0.024816155050342625,0.050894600593143546,0.9895845153152575,0.010415484684742515,2.0,1.0,0.970762886114502,1.9868325626593404
0.949047377745941,0.00019766768861217976,0.050754954565446875,0.9789337463374795,0.021066253662520462,2.0,1.0,0.9737320892449491,1.9868325626593404
0.9522635783513089,0.006538155302958648,0.041198266345732426,0.9766359319886688,0.023364068011331174,2.0,1.0,0.9808575513542942,1.9868325626593404
0.954172956504826,0.0007475665793788,0.04507947691579517,0.9769691766710532,0.023030823328946792,2.0,1.0,0.5657793117140396,1.9867418241653276
0.862147626966787,0.062339292917427125,0.07551308011578584,0.9822966114887858,0.017703388511214224,2.0,1.0,0.506875298059262,1.9867173718749698
